Module Index,: ,index.html
Topics,: ,topics.html
Keywords,: ,keywords.html
abc,: ,_abc.html
ast,: ,_ast.html
bisect,: ,_bisect.html
blake2,: ,_blake2.html
codecs,: ,_codecs.html
collections,: ,_collections.html
csv,: ,_csv.html
datetime,: ,_datetime.html
elementtree,: ,_elementtree.html
functools,: ,_functools.html
heapq,: ,_heapq.html
imp,: ,_imp.html
io,: ,_io.html
locale,: ,_locale.html
md5,: ,_md5.html
opcode,: ,_opcode.html
operator,: ,_operator.html
pickle,: ,_pickle.html
posixsubprocess,: ,_posixsubprocess.html
random,: ,_random.html
sha1,: ,_sha1.html
sha256,: ,_sha256.html
sha3,: ,_sha3.html
sha512,: ,_sha512.html
signal,: ,_signal.html
socket,: ,_socket.html
sre,: ,_sre.html
stat,: ,_stat.html
statistics,: ,_statistics.html
string,: ,_string.html
struct,: ,_struct.html
symtable,: ,_symtable.html
thread,: ,_thread.html
tokenize,: ,_tokenize.html
tracemalloc,: ,_tracemalloc.html
warnings,: ,_warnings.html
weakref,: ,_weakref.html
array,: ,array.html
atexit,: ,atexit.html
binascii,: ,binascii.html
builtins,: ,builtins.html
cmath,: ,cmath.html
errno,: ,errno.html
faulthandler,: ,faulthandler.html
fcntl,: ,fcntl.html
gc,: ,gc.html
grp,: ,grp.html
itertools,: ,itertools.html
marshal,: ,marshal.html
math,: ,math.html
posix,: ,posix.html
pwd,: ,pwd.html
pyexpat,: ,pyexpat.html
select,: ,select.html
spwd,: ,spwd.html
sys,: ,sys.html
syslog,: ,syslog.html
time,: ,time.html
unicodedata,: ,unicodedata.html
xxsubtype,: ,xxsubtype.html
zlib,: ,zlib.html
future,: ,__future__.html
hello,: ,__hello__.html
phello__ (package),: ,__phello__.html
aix_support,: ,_aix_support.html
bootsubprocess,: ,_bootsubprocess.html
collections_abc,: ,_collections_abc.html
compat_pickle,: ,_compat_pickle.html
compression,: ,_compression.html
distutils_system_mod,: ,_distutils_system_mod.html
markupbase,: ,_markupbase.html
osx_support,: ,_osx_support.html
py_abc,: ,_py_abc.html
pydecimal,: ,_pydecimal.html
pyio,: ,_pyio.html
sitebuiltins,: ,_sitebuiltins.html
strptime,: ,_strptime.html
sysconfigdata__linux_x86_64-linux-gnu,: ,_sysconfigdata__linux_x86_64-linux-gnu.html
sysconfigdata__x86_64-linux-gnu,: ,_sysconfigdata__x86_64-linux-gnu.html
threading_local,: ,_threading_local.html
weakrefset,: ,_weakrefset.html
abc,: ,abc.html
aifc,: ,aifc.html
antigravity,: ,antigravity.html
argparse,: ,argparse.html
ast,: ,ast.html
asynchat,: ,asynchat.html
asyncio (package),: ,asyncio.html
asyncore,: ,asyncore.html
base64,: ,base64.html
bdb,: ,bdb.html
bisect,: ,bisect.html
bz2,: ,bz2.html
cProfile,: ,cProfile.html
calendar,: ,calendar.html
cgi,: ,cgi.html
cgitb,: ,cgitb.html
chunk,: ,chunk.html
cmd,: ,cmd.html
code,: ,code.html
codecs,: ,codecs.html
codeop,: ,codeop.html
collections (package),: ,collections.html
colorsys,: ,colorsys.html
compileall,: ,compileall.html
concurrent (package),: ,concurrent.html
configparser,: ,configparser.html
contextlib,: ,contextlib.html
contextvars,: ,contextvars.html
copy,: ,copy.html
copyreg,: ,copyreg.html
crypt,: ,crypt.html
csv,: ,csv.html
ctypes (package),: ,ctypes.html
curses (package),: ,curses.html
dataclasses,: ,dataclasses.html
datetime,: ,datetime.html
dbm (package),: ,dbm.html
decimal,: ,decimal.html
difflib,: ,difflib.html
dis,: ,dis.html
distutils (package),: ,distutils.html
doctest,: ,doctest.html
email (package),: ,email.html
encodings (package),: ,encodings.html
enum,: ,enum.html
filecmp,: ,filecmp.html
fileinput,: ,fileinput.html
fnmatch,: ,fnmatch.html
fractions,: ,fractions.html
ftplib,: ,ftplib.html
functools,: ,functools.html
genericpath,: ,genericpath.html
getopt,: ,getopt.html
getpass,: ,getpass.html
gettext,: ,gettext.html
glob,: ,glob.html
graphlib,: ,graphlib.html
gzip,: ,gzip.html
hashlib,: ,hashlib.html
heapq,: ,heapq.html
hmac,: ,hmac.html
html (package),: ,html.html
http (package),: ,http.html
imaplib,: ,imaplib.html
imghdr,: ,imghdr.html
imp,: ,imp.html
importlib (package),: ,importlib.html
inspect,: ,inspect.html
io,: ,io.html
ipaddress,: ,ipaddress.html
json (package),: ,json.html
keyword,: ,keyword.html
lib2to3 (package),: ,lib2to3.html
linecache,: ,linecache.html
locale,: ,locale.html
logging (package),: ,logging.html
lzma,: ,lzma.html
mailbox,: ,mailbox.html
mailcap,: ,mailcap.html
mimetypes,: ,mimetypes.html
modulefinder,: ,modulefinder.html
multiprocessing (package),: ,multiprocessing.html
netrc,: ,netrc.html
nntplib,: ,nntplib.html
ntpath,: ,ntpath.html
nturl2path,: ,nturl2path.html
numbers,: ,numbers.html
opcode,: ,opcode.html
operator,: ,operator.html
optparse,: ,optparse.html
os,: ,os.html
pathlib,: ,pathlib.html
pdb,: ,pdb.html
pickle,: ,pickle.html
pickletools,: ,pickletools.html
pipes,: ,pipes.html
pkgutil,: ,pkgutil.html
platform,: ,platform.html
plistlib,: ,plistlib.html
poplib,: ,poplib.html
posixpath,: ,posixpath.html
pprint,: ,pprint.html
profile,: ,profile.html
pstats,: ,pstats.html
pty,: ,pty.html
py_compile,: ,py_compile.html
pyclbr,: ,pyclbr.html
pydoc,: ,pydoc.html
pydoc_data (package),: ,pydoc_data.html
queue,: ,queue.html
quopri,: ,quopri.html
random,: ,random.html
re (package),: ,re.html
reprlib,: ,reprlib.html
rlcompleter,: ,rlcompleter.html
runpy,: ,runpy.html
sched,: ,sched.html
secrets,: ,secrets.html
selectors,: ,selectors.html
shelve,: ,shelve.html
shlex,: ,shlex.html
shutil,: ,shutil.html
signal,: ,signal.html
site,: ,site.html
sitecustomize,: ,sitecustomize.html
smtpd,: ,smtpd.html
smtplib,: ,smtplib.html
sndhdr,: ,sndhdr.html
socket,: ,socket.html
socketserver,: ,socketserver.html
sqlite3 (package),: ,sqlite3.html
sre_compile,: ,sre_compile.html
sre_constants,: ,sre_constants.html
sre_parse,: ,sre_parse.html
ssl,: ,ssl.html
stat,: ,stat.html
statistics,: ,statistics.html
string,: ,string.html
stringprep,: ,stringprep.html
struct,: ,struct.html
subprocess,: ,subprocess.html
sunau,: ,sunau.html
symtable,: ,symtable.html
sysconfig,: ,sysconfig.html
tabnanny,: ,tabnanny.html
tarfile,: ,tarfile.html
telnetlib,: ,telnetlib.html
tempfile,: ,tempfile.html
test (package),: ,test.html
textwrap,: ,textwrap.html
this,: ,this.html
threading,: ,threading.html
timeit,: ,timeit.html
tkinter (package),: ,tkinter.html
token,: ,token.html
tokenize,: ,tokenize.html
tomllib (package),: ,tomllib.html
trace,: ,trace.html
traceback,: ,traceback.html
tracemalloc,: ,tracemalloc.html
tty,: ,tty.html
turtle,: ,turtle.html
types,: ,types.html
typing,: ,typing.html
unittest (package),: ,unittest.html
urllib (package),: ,urllib.html
uu,: ,uu.html
uuid,: ,uuid.html
venv (package),: ,venv.html
warnings,: ,warnings.html
wave,: ,wave.html
weakref,: ,weakref.html
webbrowser,: ,webbrowser.html
wsgiref (package),: ,wsgiref.html
xdrlib,: ,xdrlib.html
xml (package),: ,xml.html
xmlrpc (package),: ,xmlrpc.html
zipapp,: ,zipapp.html
zipfile,: ,zipfile.html
zipimport,: ,zipimport.html
zoneinfo (package),: ,zoneinfo.html
asyncio,: ,_asyncio.html
bz2,: ,_bz2.html
codecs_cn,: ,_codecs_cn.html
codecs_hk,: ,_codecs_hk.html
codecs_iso2022,: ,_codecs_iso2022.html
codecs_jp,: ,_codecs_jp.html
codecs_kr,: ,_codecs_kr.html
codecs_tw,: ,_codecs_tw.html
contextvars,: ,_contextvars.html
crypt,: ,_crypt.html
ctypes,: ,_ctypes.html
ctypes_test,: ,_ctypes_test.html
curses,: ,_curses.html
curses_panel,: ,_curses_panel.html
dbm,: ,_dbm.html
decimal,: ,_decimal.html
hashlib,: ,_hashlib.html
json,: ,_json.html
lsprof,: ,_lsprof.html
lzma,: ,_lzma.html
multibytecodec,: ,_multibytecodec.html
multiprocessing,: ,_multiprocessing.html
posixshmem,: ,_posixshmem.html
queue,: ,_queue.html
sqlite3,: ,_sqlite3.html
ssl,: ,_ssl.html
testbuffer,: ,_testbuffer.html
testcapi,: ,_testcapi.html
testclinic,: ,_testclinic.html
testimportmultiple,: ,_testimportmultiple.html
testinternalcapi,: ,_testinternalcapi.html
testmultiphase,: ,_testmultiphase.html
tkinter,: ,_tkinter.html
typing,: ,_typing.html
uuid,: ,_uuid.html
xxsubinterpreters,: ,_xxsubinterpreters.html
xxtestfuzz,: ,_xxtestfuzz.html
zoneinfo,: ,_zoneinfo.html
audioop,: ,audioop.html
mmap,: ,mmap.html
nis,: ,nis.html
ossaudiodev,: ,ossaudiodev.html
readline,: ,readline.html
resource,: ,resource.html
termios,: ,termios.html
xxlimited,: ,xxlimited.html
xxlimited_35,: ,xxlimited_35.html
argon2_cffi_bindings (package),: ,_argon2_cffi_bindings.html
argon2 (package),: ,argon2.html
async_lru (package),: ,async_lru.html
coloredlogs (package),: ,coloredlogs.html
comm (package),: ,comm.html
cssselect (package),: ,cssselect.html
cv2 (package),: ,cv2.html
debugpy (package),: ,debugpy.html
django (package),: ,django.html
docutils (package),: ,docutils.html
fastjsonschema (package),: ,fastjsonschema.html
fqdn (package),: ,fqdn.html
garden (package),: ,garden.html
html5lib (package),: ,html5lib.html
humanfriendly (package),: ,humanfriendly.html
imageio (package),: ,imageio.html
ipykernel (package),: ,ipykernel.html
ipykernel_launcher,: ,ipykernel_launcher.html
isoduration (package),: ,isoduration.html
itemadapter (package),: ,itemadapter.html
itemloaders (package),: ,itemloaders.html
jmespath (package),: ,jmespath.html
json5 (package),: ,json5.html
jsonschema (package),: ,jsonschema.html
jsonschema_specifications (package),: ,jsonschema_specifications.html
jupyter,: ,jupyter.html
jupyter_client (package),: ,jupyter_client.html
jupyter_core (package),: ,jupyter_core.html
jupyter_events (package),: ,jupyter_events.html
jupyter_lsp (package),: ,jupyter_lsp.html
jupyter_server (package),: ,jupyter_server.html
jupyter_server_terminals (package),: ,jupyter_server_terminals.html
jupyterlab (package),: ,jupyterlab.html
jupyterlab_pygments (package),: ,jupyterlab_pygments.html
jupyterlab_server (package),: ,jupyterlab_server.html
kivy (package),: ,kivy.html
kivymd (package),: ,kivymd.html
lazy_loader (package),: ,lazy_loader.html
mistune (package),: ,mistune.html
nbclient (package),: ,nbclient.html
nbconvert (package),: ,nbconvert.html
nbformat (package),: ,nbformat.html
nest_asyncio,: ,nest_asyncio.html
notebook_shim (package),: ,notebook_shim.html
onnxruntime (package),: ,onnxruntime.html
outcome (package),: ,outcome.html
overrides (package),: ,overrides.html
pandocfilters,: ,pandocfilters.html
parsel (package),: ,parsel.html
pooch (package),: ,pooch.html
prometheus_client (package),: ,prometheus_client.html
protego,: ,protego.html
pymatting (package),: ,pymatting.html
pythonjsonlogger (package),: ,pythonjsonlogger.html
queuelib (package),: ,queuelib.html
referencing (package),: ,referencing.html
rembg (package),: ,rembg.html
rfc3339_validator,: ,rfc3339_validator.html
rfc3986_validator,: ,rfc3986_validator.html
rpds (package),: ,rpds.html
scrapy (package),: ,scrapy.html
selenium (package),: ,selenium.html
send2trash (package),: ,send2trash.html
skimage (package),: ,skimage.html
starlette (package),: ,starlette.html
terminado (package),: ,terminado.html
tifffile (package),: ,tifffile.html
traitlets (package),: ,traitlets.html
trio (package),: ,trio.html
trio_websocket (package),: ,trio_websocket.html
uri_template (package),: ,uri_template.html
w3lib (package),: ,w3lib.html
zmq (package),: ,zmq.html
alembic (package),: ,alembic.html
flask_httpauth,: ,flask_httpauth.html
flask_migrate (package),: ,flask_migrate.html
Cryptodome (package),: ,Cryptodome.html
Cython (package),: ,Cython.html
IPy,: ,IPy.html
IPython (package),: ,IPython.html
KismetCaptureBtGeiger (package),: ,KismetCaptureBtGeiger.html
KismetCaptureFreaklabsZigbee (package),: ,KismetCaptureFreaklabsZigbee.html
KismetCaptureRtl433 (package),: ,KismetCaptureRtl433.html
KismetCaptureRtladsb (package),: ,KismetCaptureRtladsb.html
KismetCaptureRtlamr (package),: ,KismetCaptureRtlamr.html
MySQLdb (package),: ,MySQLdb.html
Onboard (package),: ,Onboard.html
OpenGL (package),: ,OpenGL.html
OpenSSL (package),: ,OpenSSL.html
PIL (package),: ,PIL.html
PyInstaller (package),: ,PyInstaller.html
PyPDF2 (package),: ,PyPDF2.html
PyQt5 (package),: ,PyQt5.html
PyQt6 (package),: ,PyQt6.html
blueman,: ,_blueman.html
brotli,: ,_brotli.html
cffi_backend,: ,_cffi_backend.html
dbus_bindings,: ,_dbus_bindings.html
dbus_glib_bindings,: ,_dbus_glib_bindings.html
distutils_hack (package),: ,_distutils_hack.html
ldb_text,: ,_ldb_text.html
pyrsistent_version,: ,_pyrsistent_version.html
pytest (package),: ,_pytest.html
ruamel_yaml,: ,_ruamel_yaml.html
snack,: ,_snack.html
tdb_text,: ,_tdb_text.html
ubjson,: ,_ubjson.html
yaml (package),: ,_yaml.html
aardwolf (package),: ,aardwolf.html
adblockparser (package),: ,adblockparser.html
aesedb (package),: ,aesedb.html
aiocmd (package),: ,aiocmd.html
aioconsole (package),: ,aioconsole.html
aiodns (package),: ,aiodns.html
aiofiles (package),: ,aiofiles.html
aiohttp (package),: ,aiohttp.html
aiomultiprocess (package),: ,aiomultiprocess.html
aioquic (package),: ,aioquic.html
aioredis (package),: ,aioredis.html
aiosignal (package),: ,aiosignal.html
aiosmb (package),: ,aiosmb.html
aiosqlite (package),: ,aiosqlite.html
aiowinreg (package),: ,aiowinreg.html
ajpy (package),: ,ajpy.html
altgraph (package),: ,altgraph.html
aniso8601 (package),: ,aniso8601.html
anyio (package),: ,anyio.html
apispec (package),: ,apispec.html
apispec_webframeworks (package),: ,apispec_webframeworks.html
appdirs,: ,appdirs.html
apscheduler (package),: ,apscheduler.html
apt (package),: ,apt.html
apt_inst,: ,apt_inst.html
apt_pkg,: ,apt_pkg.html
aptsources (package),: ,aptsources.html
arc4,: ,arc4.html
argcomplete (package),: ,argcomplete.html
arrow (package),: ,arrow.html
asciitree (package),: ,asciitree.html
asgiref (package),: ,asgiref.html
asn1crypto (package),: ,asn1crypto.html
asn1tools (package),: ,asn1tools.html
asttokens (package),: ,asttokens.html
asyauth (package),: ,asyauth.html
async_timeout (package),: ,async_timeout.html
asysocks (package),: ,asysocks.html
attr (package),: ,attr.html
attrs (package),: ,attrs.html
autobahn (package),: ,autobahn.html
autocommand (package),: ,autocommand.html
automat (package),: ,automat.html
babel (package),: ,babel.html
backcall (package),: ,backcall.html
backoff (package),: ,backoff.html
base58,: ,base58.html
bcrypt (package),: ,bcrypt.html
beniget (package),: ,beniget.html
bidict (package),: ,bidict.html
binwalk (package),: ,binwalk.html
bitstruct (package),: ,bitstruct.html
bleach (package),: ,bleach.html
blinker (package),: ,blinker.html
blueman (package),: ,blueman.html
bluepy (package),: ,bluepy.html
bottle,: ,bottle.html
bottleneck (package),: ,bottleneck.html
brlapi,: ,brlapi.html
brotli,: ,brotli.html
bs4 (package),: ,bs4.html
cairo (package),: ,cairo.html
catfish (package),: ,catfish.html
catfish_lib (package),: ,catfish_lib.html
cbor (package),: ,cbor.html
certifi (package),: ,certifi.html
certipy (package),: ,certipy.html
cffi (package),: ,cffi.html
chardet (package),: ,chardet.html
charset_normalizer (package),: ,charset_normalizer.html
cheroot (package),: ,cheroot.html
cherrypy (package),: ,cherrypy.html
cherrypy_cors,: ,cherrypy_cors.html
cli_helpers (package),: ,cli_helpers.html
click (package),: ,click.html
click_plugins (package),: ,click_plugins.html
cmd2 (package),: ,cmd2.html
cme (package),: ,cme.html
colorama (package),: ,colorama.html
configobj (package),: ,configobj.html
constantly (package),: ,constantly.html
contourpy (package),: ,contourpy.html
cryptography (package),: ,cryptography.html
curl (package),: ,curl.html
cvss (package),: ,cvss.html
cycler,: ,cycler.html
cython,: ,cython.html
dateutil (package),: ,dateutil.html
dbus (package),: ,dbus.html
deb822,: ,deb822.html
debian (package),: ,debian.html
debian_bundle (package),: ,debian_bundle.html
decorator,: ,decorator.html
defusedxml (package),: ,defusedxml.html
depot (package),: ,depot.html
deprecated (package),: ,deprecated.html
dicttoxml,: ,dicttoxml.html
diskcache (package),: ,diskcache.html
distlib (package),: ,distlib.html
distro (package),: ,distro.html
dns (package),: ,dns.html
dnslib (package),: ,dnslib.html
docopt,: ,docopt.html
docx (package),: ,docx.html
donut,: ,donut.html
dotenv (package),: ,dotenv.html
dropbox (package),: ,dropbox.html
dsinternals (package),: ,dsinternals.html
ecdsa (package),: ,ecdsa.html
email_validator (package),: ,email_validator.html
engineio (package),: ,engineio.html
et_xmlfile (package),: ,et_xmlfile.html
executing (package),: ,executing.html
exifread (package),: ,exifread.html
faraday_agent_dispatcher (package),: ,faraday_agent_dispatcher.html
faraday_agent_parameters_types (package),: ,faraday_agent_parameters_types.html
faraday_plugins (package),: ,faraday_plugins.html
fastapi (package),: ,fastapi.html
feedparser (package),: ,feedparser.html
fierce (package),: ,fierce.html
filelock (package),: ,filelock.html
filteralchemy (package),: ,filteralchemy.html
flasgger (package),: ,flasgger.html
flask (package),: ,flask.html
flask_classful,: ,flask_classful.html
flask_kvsession (package),: ,flask_kvsession.html
flask_limiter (package),: ,flask_limiter.html
flask_login (package),: ,flask_login.html
flask_mail,: ,flask_mail.html
flask_principal,: ,flask_principal.html
flask_restful (package),: ,flask_restful.html
flask_socketio (package),: ,flask_socketio.html
flask_sqlalchemy (package),: ,flask_sqlalchemy.html
flask_wtf (package),: ,flask_wtf.html
flatbuffers (package),: ,flatbuffers.html
fontTools (package),: ,fontTools.html
frozenlist (package),: ,frozenlist.html
fs (package),: ,fs.html
future (package),: ,future.html
gast (package),: ,gast.html
gexf (package),: ,gexf.html
gi (package),: ,gi.html
git (package),: ,git.html
gitdb (package),: ,gitdb.html
gnupg,: ,gnupg.html
gpg (package),: ,gpg.html
greenlet (package),: ,greenlet.html
gunicorn (package),: ,gunicorn.html
gvm (package),: ,gvm.html
gyp (package),: ,gyp.html
h11 (package),: ,h11.html
h2 (package),: ,h2.html
hamcrest (package),: ,hamcrest.html
hashid,: ,hashid.html
hiredis (package),: ,hiredis.html
hpack (package),: ,hpack.html
html2text (package),: ,html2text.html
httpagentparser (package),: ,httpagentparser.html
httpcore (package),: ,httpcore.html
httpx (package),: ,httpx.html
humanize (package),: ,humanize.html
hupper (package),: ,hupper.html
hyperframe (package),: ,hyperframe.html
hyperlink (package),: ,hyperlink.html
idna (package),: ,idna.html
impacket (package),: ,impacket.html
importlib_metadata (package),: ,importlib_metadata.html
incremental (package),: ,incremental.html
inflect (package),: ,inflect.html
iniconfig (package),: ,iniconfig.html
invoke (package),: ,invoke.html
ipwhois (package),: ,ipwhois.html
isympy,: ,isympy.html
itsdangerous (package),: ,itsdangerous.html
jedi (package),: ,jedi.html
jinja2 (package),: ,jinja2.html
jose (package),: ,jose.html
jq,: ,jq.html
jsonpointer,: ,jsonpointer.html
jwt (package),: ,jwt.html
kaitaistruct,: ,kaitaistruct.html
kali_tweaks (package),: ,kali_tweaks.html
kazam (package),: ,kazam.html
kiwisolver (package),: ,kiwisolver.html
ldap3 (package),: ,ldap3.html
ldapdomaindump (package),: ,ldapdomaindump.html
ldb,: ,ldb.html
libfuturize (package),: ,libfuturize.html
libpasteurize (package),: ,libpasteurize.html
librlers,: ,librlers.html
lightdm_gtk_greeter_settings (package),: ,lightdm_gtk_greeter_settings.html
limits (package),: ,limits.html
llvmlite (package),: ,llvmlite.html
log_symbols (package),: ,log_symbols.html
louis (package),: ,louis.html
lsassy (package),: ,lsassy.html
lxml (package),: ,lxml.html
lz4 (package),: ,lz4.html
macholib (package),: ,macholib.html
magic (package),: ,magic.html
mako (package),: ,mako.html
markdown (package),: ,markdown.html
markdown_it (package),: ,markdown_it.html
markupsafe (package),: ,markupsafe.html
marshmallow (package),: ,marshmallow.html
marshmallow_sqlalchemy (package),: ,marshmallow_sqlalchemy.html
masky (package),: ,masky.html
matplotlib (package),: ,matplotlib.html
matplotlib_inline (package),: ,matplotlib_inline.html
mdurl (package),: ,mdurl.html
mechanize (package),: ,mechanize.html
minidump (package),: ,minidump.html
minikerberos (package),: ,minikerberos.html
mistune0,: ,mistune0.html
mitmproxy (package),: ,mitmproxy.html
mitmproxy_rs (package),: ,mitmproxy_rs.html
mitmproxy_wireguard (package),: ,mitmproxy_wireguard.html
mnemonic (package),: ,mnemonic.html
more_itertools (package),: ,more_itertools.html
mpl_toolkits (package),: ,mpl_toolkits.html
mpmath (package),: ,mpmath.html
msgpack (package),: ,msgpack.html
msldap (package),: ,msldap.html
multidict (package),: ,multidict.html
multipart (package),: ,multipart.html
nacl (package),: ,nacl.html
nassl (package),: ,nassl.html
neo4j (package),: ,neo4j.html
neobolt (package),: ,neobolt.html
neotime (package),: ,neotime.html
netaddr (package),: ,netaddr.html
netifaces,: ,netifaces.html
networkx (package),: ,networkx.html
nplusone (package),: ,nplusone.html
ntlm_auth (package),: ,ntlm_auth.html
numba (package),: ,numba.html
numexpr (package),: ,numexpr.html
numpy (package),: ,numpy.html
odf (package),: ,odf.html
olefile (package),: ,olefile.html
omp (package),: ,omp.html
openpyxl (package),: ,openpyxl.html
orca (package),: ,orca.html
ordered_set (package),: ,ordered_set.html
ordlookup (package),: ,ordlookup.html
oscrypto (package),: ,oscrypto.html
osgeo (package),: ,osgeo.html
osgeo_utils (package),: ,osgeo_utils.html
ospd (package),: ,ospd.html
ospd_openvas (package),: ,ospd_openvas.html
packaging (package),: ,packaging.html
paho (package),: ,paho.html
pandas (package),: ,pandas.html
paramiko (package),: ,paramiko.html
parso (package),: ,parso.html
passlib (package),: ,passlib.html
past (package),: ,past.html
paste (package),: ,paste.html
pcapy,: ,pcapy.html
pefile,: ,pefile.html
pendulum (package),: ,pendulum.html
peutils,: ,peutils.html
pexpect (package),: ,pexpect.html
pgcli (package),: ,pgcli.html
pgspecial (package),: ,pgspecial.html
phonenumbers (package),: ,phonenumbers.html
pickleshare,: ,pickleshare.html
pip (package),: ,pip.html
pkg_resources (package),: ,pkg_resources.html
plaster (package),: ,plaster.html
plaster_pastedeploy (package),: ,plaster_pastedeploy.html
platformdirs (package),: ,platformdirs.html
pluggy (package),: ,pluggy.html
pluginbase,: ,pluginbase.html
ply (package),: ,ply.html
png,: ,png.html
portend,: ,portend.html
pptx (package),: ,pptx.html
prettytable (package),: ,prettytable.html
prompt_toolkit (package),: ,prompt_toolkit.html
psutil (package),: ,psutil.html
psycopg (package),: ,psycopg.html
psycopg2 (package),: ,psycopg2.html
ptyprocess (package),: ,ptyprocess.html
publicsuffix2 (package),: ,publicsuffix2.html
publicsuffixlist (package),: ,publicsuffixlist.html
pure_eval (package),: ,pure_eval.html
pvectorc,: ,pvectorc.html
py,: ,py.html
pyExploitDb (package),: ,pyExploitDb.html
pyShodan (package),: ,pyShodan.html
pyVNC (package),: ,pyVNC.html
py_sneakers (package),: ,py_sneakers.html
pyasn1 (package),: ,pyasn1.html
pyasn1_modules (package),: ,pyasn1_modules.html
pyatspi (package),: ,pyatspi.html
pycares (package),: ,pycares.html
pycparser (package),: ,pycparser.html
pycurl,: ,pycurl.html
pydantic (package),: ,pydantic.html
pydispatch (package),: ,pydispatch.html
pyee (package),: ,pyee.html
pyfiglet (package),: ,pyfiglet.html
pygame (package),: ,pygame.html
pygments (package),: ,pygments.html
pygtkcompat (package),: ,pygtkcompat.html
pyinotify,: ,pyinotify.html
pylab,: ,pylab.html
pylnk3,: ,pylnk3.html
pylsqpack (package),: ,pylsqpack.html
pyminifier (package),: ,pyminifier.html
pymssql (package),: ,pymssql.html
pymysql (package),: ,pymysql.html
pyotp (package),: ,pyotp.html
pyparsing (package),: ,pyparsing.html
pyperclip (package),: ,pyperclip.html
pyppeteer (package),: ,pyppeteer.html
pypsrp (package),: ,pypsrp.html
pypykatz (package),: ,pypykatz.html
pyqrcode (package),: ,pyqrcode.html
pyqtgraph (package),: ,pyqtgraph.html
pyramid (package),: ,pyramid.html
pyrsistent (package),: ,pyrsistent.html
pysmi (package),: ,pysmi.html
pysnmp (package),: ,pysnmp.html
pytest (package),: ,pytest.html
pythran (package),: ,pythran.html
pytrie,: ,pytrie.html
pytz (package),: ,pytz.html
pytzdata (package),: ,pytzdata.html
pywerview (package),: ,pywerview.html
pyximport (package),: ,pyximport.html
qrcode (package),: ,qrcode.html
quamash (package),: ,quamash.html
redis (package),: ,redis.html
requests (package),: ,requests.html
requests_file,: ,requests_file.html
requests_ntlm (package),: ,requests_ntlm.html
requests_toolbelt (package),: ,requests_toolbelt.html
retrying,: ,retrying.html
rfc3986 (package),: ,rfc3986.html
rfc3987,: ,rfc3987.html
rich (package),: ,rich.html
routes (package),: ,routes.html
rq (package),: ,rq.html
rsa (package),: ,rsa.html
samba (package),: ,samba.html
scapy (package),: ,scapy.html
scipy (package),: ,scipy.html
secretsocks (package),: ,secretsocks.html
secure (package),: ,secure.html
serial (package),: ,serial.html
service_identity (package),: ,service_identity.html
setproctitle (package),: ,setproctitle.html
setuptools (package),: ,setuptools.html
sgmllib,: ,sgmllib.html
shodan (package),: ,shodan.html
simple_rest_client (package),: ,simple_rest_client.html
simplejson (package),: ,simplejson.html
simplekv (package),: ,simplekv.html
six,: ,six.html
slowapi (package),: ,slowapi.html
slugify (package),: ,slugify.html
smbmap (package),: ,smbmap.html
smmap (package),: ,smmap.html
snack,: ,snack.html
snappy (package),: ,snappy.html
sniffio (package),: ,sniffio.html
socketio (package),: ,socketio.html
socks,: ,socks.html
sockshandler,: ,sockshandler.html
sortedcontainers (package),: ,sortedcontainers.html
soupsieve (package),: ,soupsieve.html
speechd (package),: ,speechd.html
speechd_config (package),: ,speechd_config.html
spinners (package),: ,spinners.html
spnego (package),: ,spnego.html
sqlalchemy (package),: ,sqlalchemy.html
sqlalchemy_utc (package),: ,sqlalchemy_utc.html
sqlparse (package),: ,sqlparse.html
sslyze (package),: ,sslyze.html
stack_data (package),: ,stack_data.html
status,: ,status.html
stone (package),: ,stone.html
sympy (package),: ,sympy.html
syslog_rfc5424_formatter (package),: ,syslog_rfc5424_formatter.html
tables (package),: ,tables.html
tabulate,: ,tabulate.html
talloc,: ,talloc.html
tdb,: ,tdb.html
tempita (package),: ,tempita.html
tempora (package),: ,tempora.html
termcolor,: ,termcolor.html
terminaltables (package),: ,terminaltables.html
testkitbackend (package),: ,testkitbackend.html
theHarvester (package),: ,theHarvester.html
tinycss2 (package),: ,tinycss2.html
tld (package),: ,tld.html
tldextract (package),: ,tldextract.html
tls_parser (package),: ,tls_parser.html
tornado (package),: ,tornado.html
tqdm (package),: ,tqdm.html
translationstring (package),: ,translationstring.html
twisted (package),: ,twisted.html
txaio (package),: ,txaio.html
typing_extensions,: ,typing_extensions.html
tzlocal (package),: ,tzlocal.html
ubjson (package),: ,ubjson.html
ufoLib2 (package),: ,ufoLib2.html
ufw (package),: ,ufw.html
ujson,: ,ujson.html
umsgpack,: ,umsgpack.html
unicodecsv (package),: ,unicodecsv.html
unicrypto (package),: ,unicrypto.html
unidecode (package),: ,unidecode.html
uritemplate (package),: ,uritemplate.html
urllib3 (package),: ,urllib3.html
urwid (package),: ,urwid.html
uvicorn (package),: ,uvicorn.html
uvloop (package),: ,uvloop.html
validate (package),: ,validate.html
validators (package),: ,validators.html
venusian (package),: ,venusian.html
virtualenv (package),: ,virtualenv.html
wafw00f (package),: ,wafw00f.html
wapitiCore (package),: ,wapitiCore.html
wcwidth (package),: ,wcwidth.html
webargs (package),: ,webargs.html
webcolors,: ,webcolors.html
webencodings (package),: ,webencodings.html
webob (package),: ,webob.html
websocket (package),: ,websocket.html
websockets (package),: ,websockets.html
websockify (package),: ,websockify.html
werkzeug (package),: ,werkzeug.html
wfuzz (package),: ,wfuzz.html
wheel (package),: ,wheel.html
whois (package),: ,whois.html
wifite (package),: ,wifite.html
winacl (package),: ,winacl.html
wrapt (package),: ,wrapt.html
wsaccel (package),: ,wsaccel.html
wsproto (package),: ,wsproto.html
wtforms (package),: ,wtforms.html
xdg (package),: ,xdg.html
xlrd (package),: ,xlrd.html
xlsxwriter (package),: ,xlsxwriter.html
xlutils (package),: ,xlutils.html
xlwt (package),: ,xlwt.html
xmltodict,: ,xmltodict.html
yaml (package),: ,yaml.html
yara,: ,yara.html
yarl (package),: ,yarl.html
yaswfp (package),: ,yaswfp.html
zapv2 (package),: ,zapv2.html
zipp,: ,zipp.html
zlib_wrapper (package),: ,zlib_wrapper.html
zope (package),: ,zope.html
zstandard (package),: ,zstandard.html
